StudentID,StudentName,Grade,Section
1001,Student_1,9,B
1002,Student_2,11,B
1003,Student_3,12,C
1004,Student_4,10,A
1005,Student_5,10,A
1006,Student_6,10,C
1007,Student_7,10,C
1008,Student_8,9,B
1009,Student_9,10,C
1010,Student_10,11,C
1011,Student_11,11,A
1012,Student_12,9,B
1013,Student_13,11,A
1014,Student_14,10,B
1015,Student_15,12,B
1016,Student_16,12,A
1017,Student_17,12,B
1018,Student_18,10,B
1019,Student_19,11,B
1020,Student_20,10,B
1021,Student_21,11,A
1022,Student_22,11,C
1023,Student_23,11,C
1024,Student_24,9,C
1025,Student_25,12,A
1026,Student_26,9,C
1027,Student_27,10,C
1028,Student_28,10,C
1029,Student_29,9,A
1030,Student_30,12,C
1031,Student_31,10,A
1032,Student_32,11,B
1033,Student_33,9,A
1034,Student_34,9,C
1035,Student_35,9,B
1036,Student_36,11,C
1037,Student_37,10,C
1038,Student_38,9,B
1039,Student_39,11,B
1040,Student_40,9,B
1041,Student_41,12,C
1042,Student_42,10,B
1043,Student_43,11,A
1044,Student_44,9,C
1045,Student_45,11,A
1046,Student_46,9,C
1047,Student_47,12,A
1048,Student_48,12,B
1049,Student_49,12,A
1050,Student_50,9,B
1051,Student_51,9,B
1052,Student_52,9,B
1053,Student_53,11,A
1054,Student_54,12,B
1055,Student_55,10,A
1056,Student_56,12,A
1057,Student_57,11,A
1058,Student_58,12,B
1059,Student_59,9,B
1060,Student_60,9,A
1061,Student_61,11,A
1062,Student_62,11,A
1063,Student_63,11,B
1064,Student_64,11,C
1065,Student_65,9,A
1066,Student_66,9,A
1067,Student_67,9,A
1068,Student_68,10,C
1069,Student_69,10,B
1070,Student_70,9,B
1071,Student_71,12,B
1072,Student_72,9,C
1073,Student_73,10,B
1074,Student_74,11,B
1075,Student_75,12,B
1076,Student_76,10,B
1077,Student_77,12,C
1078,Student_78,9,C
1079,Student_79,9,B
1080,Student_80,9,A
1081,Student_81,10,C
1082,Student_82,10,A
1083,Student_83,11,C
1084,Student_84,12,C
1085,Student_85,12,C
1086,Student_86,10,C
1087,Student_87,9,B
1088,Student_88,12,C
1089,Student_89,10,C
1090,Student_90,9,C
1091,Student_91,10,C
1092,Student_92,10,A
1093,Student_93,9,C
1094,Student_94,9,B
1095,Student_95,10,A
1096,Student_96,11,A
1097,Student_97,10,C
1098,Student_98,10,C
1099,Student_99,9,A
1100,Student_100,11,A
